ID,Снимок,Вердикт,Скорость,Площадь_Ч,Скорость_Ч,Толщина среза,Шаг пикселя,Центр окна,Ширина окна
1,17023.dcm,Инсульт,670.2 мс,1.68304443359375,670.2,5,0.57,40,120
2,17017.dcm,Инсульт,854.4 мс,1.20391845703125,854.4,2.5,0.52,40,100
3,17014.dcm,Инсульт,639.9 мс,0.26702880859375,639.9,5,0.44,35,80
4,17002.dcm,Норма,714.0 мс,0.0,714.0,5,0.49,40,100
